hormona_mgL,n_plantulas
0.6,3
0.6,4
0.6,5
0.6,3
0.6,7
0.6,5
0.6,5
0.6,4
0.6,5
0.6,6
0.6,7
0.6,6
0.6,5
0.6,4
0.6,6
0.6,5
0.6,7
0.6,4
0.6,6
0.6,7
4,12
4,12
4,14
4,10
4,16
4,10
4,13
4,8
4,9
4,12
4,17
4,12
4,12
4,12
4,9
4,10
4,13
4,11
4,14
4,10
6,10
6,13
6,10
6,5
6,14
6,13
6,18
6,15
6,7
6,14
6,12
6,9
6,17
6,15
6,9
6,12
6,17
6,6
6,6
6,18
8,10
8,10
8,9
8,3
8,7
8,9
8,5
8,9
8,11
8,10
8,6
8,5
8,11
8,9
8,8
8,7
8,6
8,4
8,5
8,7
10,2
10,1
10,4
10,3
10,2
10,4
10,3
10,3
10,1
10,4
10,4
10,4
10,4
10,1
10,2
10,7
10,3
10,3
10,4
10,1
12,1
12,3
12,3
12,5
12,3
12,1
12,2
12,3
12,3
12,2
12,3
12,2
12,3
12,1
12,2
12,2
12,2
12,2
12,1
12,3
14,3
14,3
14,2
14,1
14,2
14,2
14,2
14,2
14,3
14,3
14,1
14,3
14,2
14,2
14,2
14,1
14,2
14,2
14,1
14,1
